Category,Priority,Component,Finding,Impact,Recommendation,Effort,Status
Architecture,P3,Module Design,Clean modular architecture with well-defined boundaries between CLI parsing (main.zig) and business logic (context.zig) and persistence (storage.zig),Strong maintainability foundation with clear separation of concerns,Continue maintaining clear module boundaries when adding new features,Small,Resolved
Architecture,P3,Dependency Management,Single external dependency (clap 0.10.0) kept minimal and well-contained,Reduces security surface and simplifies updates,Consider periodic review of dependency updates for security patches,Small,Resolved
Architecture,P3,Memory Management,Consistent use of GeneralPurposeAllocator with proper cleanup patterns throughout codebase,Prevents memory leaks and ensures consistent allocation patterns,Maintain consistent allocation patterns in new code,Small,Resolved
Architecture,P2,Parameter Design,Unified test runner with parameter-driven design eliminates binary proliferation,Excellent design choice that prevents maintenance overhead from multiple executables,Apply this parameter-driven approach to future features to avoid binary sprawl,Medium,Resolved
Architecture,P4,Error Handling,Comprehensive error handling with user-friendly error messages using printParseError function,Good user experience with clear error reporting,Continue pattern of translating technical errors to user-friendly messages,Small,Resolved
Testing,P1,Test Structure,Excellent test file organization with *.unit.test.zig naming convention and unified test runner,Strong foundation for maintainable testing infrastructure,Maintain this organized test structure as codebase grows,Large,Resolved
Testing,P3,Test Coverage,Comprehensive multi-layered testing (unit integration performance blackbox) with proper separation,Provides confidence in code changes and regression prevention,Maintain the multi-layered testing approach and add tests for new features,Medium,Resolved
Testing,P2,Performance Testing,Well-structured performance benchmarks with configurable output formats (CSV standard),Enables performance regression detection and optimization tracking,Expand benchmarks to cover critical path operations as they're identified,Medium,Resolved
Testing,P4,Blackbox Testing,Comprehensive end-to-end testing with proper test isolation and environment setup,Ensures real-world functionality works correctly,Maintain blackbox tests as primary integration validation,Medium,Resolved
Testing,P3,Test Discovery,Automated test file discovery with pattern matching for different test types,Reduces maintenance overhead when adding new test files,Continue using automated discovery patterns for new test types,Small,Resolved
Code_Quality,P3,Function Complexity,Functions are generally small and focused with clear single responsibilities,High readability and maintainability,Maintain single responsibility principle when adding new commands,Small,Resolved
Code_Quality,P2,Complex Functions,generateRestoreCommands function properly separates business logic from output formatting,Good separation of concerns improves testability,Apply this pattern of separating logic from formatting in future features,Medium,Resolved
Code_Quality,P3,Naming Conventions,Consistent snake_case for functions and variables PascalCase for types throughout codebase,High code readability and consistency,Maintain naming consistency in new code contributions,Small,Resolved
Code_Quality,P3,Constants Management,Well-organized configuration constants in dedicated config.zig module with logical grouping,Prevents magic numbers and centralizes configuration,Continue centralizing configuration rather than using inline constants,Small,Resolved
Code_Quality,P4,Error Propagation,Standardized error propagation with separated user-facing error messages,Clean error handling with good user experience,Maintain separation between technical errors and user messages,Small,Resolved
Documentation,P3,Code Documentation,Inline documentation adequate for current complexity level,Sufficient for current team size and complexity,Add function-level documentation as complexity increases,Small,Identified
Documentation,P3,Project Documentation,Comprehensive CLAUDE.md with accurate build commands and architecture overview,Excellent onboarding and maintenance documentation,Keep documentation synchronized with code changes,Small,Resolved
Documentation,P4,Architecture Overview,Clear architectural description in README.md with component relationships,Good high-level understanding for new contributors,Maintain architectural documentation as system evolves,Small,Resolved
Build_System,P1,Build Simplification,Excellent consolidation from multiple build targets to unified parameter-driven test runner,Eliminates build complexity and maintenance overhead from multiple targets,Apply this simplification approach to future build requirements,Large,Resolved
Build_System,P3,Build Configuration,Clean build.zig with well-organized build targets and proper dependency management,Easy to understand and modify build configuration,Maintain build system clarity when adding new targets,Small,Resolved
Build_System,P3,Dependency Pinning,Single external dependency (clap 0.10.0) is pinned to specific version for reproducible builds,Ensures consistent builds across environments,Continue pinning dependencies for production stability,Small,Resolved
Build_System,P4,Release Configuration,Basic release configuration available with --release=fast option,Adequate for current deployment needs,Document recommended release flags for production deployment,Small,Identified
Performance,P3,Memory Efficiency,Proper use of arena allocators in tests and consistent cleanup patterns,Efficient memory usage with proper lifecycle management,Continue using arena allocators for temporary operations,Small,Resolved
Performance,P4,File Operations,Atomic file operations with temp files ensure data integrity during saves,Prevents data corruption and ensures reliable persistence,Maintain atomic operations for critical data persistence,Small,Resolved
Performance,P4,Benchmark Infrastructure,Comprehensive performance benchmarking with nanosecond precision and CSV output,Enables performance monitoring and regression detection,Use benchmarks to validate performance of new features,Medium,Resolved
Security,P3,Input Validation,Comprehensive input validation for context names and environment variables,Prevents common security issues with user input,Maintain strict input validation for all user-provided data,Small,Resolved
Security,P4,File Permissions,Context files stored in user home directory with appropriate access patterns,Reasonable security for personal development tool,Consider explicit file permission setting for enhanced privacy,Small,Identified
Security,P3,Command Injection,Git branch validation prevents most command injection in git commands,Good protection against common attack vectors,Strengthen git branch name validation if more complex git operations are added,Medium,Resolved
Maintainability,P2,Extensibility,Context struct design allows easy addition of new fields through JSON serialization,Easy to extend with new context features,Plan new context fields carefully to maintain backward compatibility,Medium,Resolved
Maintainability,P3,Code Evolution,Well-structured for adding new commands and features with clear patterns,Strong foundation for feature growth,Follow established patterns when adding new commands or features,Small,Resolved
Maintainability,P4,Development Workflow,Clear development workflow with consistent testing and build processes,Efficient development experience for contributors,Maintain development process consistency as team grows,Small,Resolved
Maintainability,P3,Debugging Support,Comprehensive error messages with context information aid in debugging,Good troubleshooting experience for users and developers,Maintain user-friendly error reporting in new features,Small,Resolved
Technical_Debt,P4,Placeholder Functions,getOpenFiles and getRecentCommands are properly marked as placeholders,Clear technical debt boundaries with no confusion,Implement these features or document long-term plans for them,Medium,Identified
Technical_Debt,P4,Feature Completeness,Core functionality complete with room for optional enhancements,Solid foundation with clear expansion points,Prioritize placeholder features based on user feedback and usage patterns,Large,Identified
Build_System,P3,Container Support,Comprehensive container infrastructure with proper multi-stage builds,Excellent deployment and testing isolation capabilities,Maintain container support for production deployment scenarios,Medium,Resolved
Build_System,P4,Container Testing,Container-based testing provides environment isolation and reproducibility,Strong quality assurance through consistent test environments,Use container testing for critical release validation,Medium,Resolved
Architecture,P4,Cross-Platform,Proper cross-platform support for Windows cmd PowerShell and Unix shells,Broad usability across development environments,Test on multiple platforms when making shell-related changes,Medium,Resolved
Architecture,P3,Configuration,Centralized configuration in config.zig with logical constant organization,Easy to modify behavior without searching through code,Continue centralizing configuration values as new features are added,Small,Resolved
Code_Quality,P3,Type Safety,Strong type safety with enums for commands and shell types,Prevents runtime errors and improves code clarity,Leverage Zig's type system for new enums and data structures,Small,Resolved
Testing,P3,Test Isolation,Proper test isolation with temporary directories and environment management,Prevents test interference and ensures reliable results,Maintain test isolation patterns for new test types,Small,Resolved
Performance,P4,Startup Performance,Fast startup time appropriate for CLI tool usage patterns,Good user experience for frequent CLI usage,Monitor startup performance as features are added,Small,Resolved
Maintainability,P4,Code Size,Appropriate code size with good signal-to-noise ratio in implementation,Easy to understand and modify without excessive complexity,Keep implementation focused and avoid premature optimization,Small,Resolved
Documentation,P4,Usage Examples,Clear usage examples in README and help output,Good user onboarding and reference,Maintain clear examples as command interface evolves,Small,Resolved
Security,P4,Error Information,Error messages provide helpful context without exposing sensitive information,Good balance between debugging aid and security,Review error messages for sensitive information as features are added,Small,Resolved